名前,分隊
荊州軍,成龍
成龍.,成龍
LEE,成龍
ごこっと,成龍
Ruu,成龍
陽龍,成龍
成龍,成龍
パパパ,成龍
便利屋,成龍
廉,成龍
漆喰(白),成龍
漆喰(船),成龍
さら猫,八宝菜
猫ロック,八宝菜
からあげクン,八宝菜
MARSAN,八宝菜
にゃんこ軍,八宝菜
すじまーん,八宝菜
敦犬,八宝菜
パンダマン,八宝菜
ワンパンダ,八宝菜
八宝菜,八宝菜
まーさんZ,八宝菜
にゃんこ戦争,八宝菜
宇留千絵,八宝菜
じゅんじ,奇兵隊
ラック。,奇兵隊
盛三軍団,奇兵隊
王騎大将軍✦,奇兵隊
トラ0713,奇兵隊
まりもX,奇兵隊
餅,奇兵隊
反社エネわん,奇兵隊
MOTO,奇兵隊
つっg,奇兵隊
マサイ,奇兵隊
空kou,奇兵隊
RB20,奇兵隊
はま爺,奇兵隊
仁義なきTUBE,奇兵隊
✖李信,奇兵隊
アゲハたん★,奇兵隊
虎の太公望,奇兵隊
桃梨,奇兵隊
外様,奇兵隊
佐々鬼,奇兵隊
⚡SOU⚡,奇兵隊
劉邦軍,奇兵隊
MOTI,奇兵隊
桂馬,奇兵隊
猫の太公望,奇兵隊
元楽園jun,奇兵隊
風魔,奇兵隊
飛五隊,奇兵隊
seiji,剣ぱ
剣権羽 kenkenpa,剣ぱ
だしい,剣ぱ
主公5082,剣ぱ
ゆう,剣ぱ
拉麺,剣ぱ
ロドリゲス,剣ぱ
超人血盟軍,剣ぱ
han,剣ぱ
極悪の仏,剣ぱ
やま,剣ぱ
潯陽曹仁,剣ぱ
ハッチ88,剣ぱ
ロストフ家,剣ぱ
ボロ雑巾,剣ぱ
たけとも33,剣ぱ
ベニマル,剣ぱ
まるぞう,剣ぱ
草津温泉,剣ぱ
ギリヤーク人,剣ぱ
うみがめ座@,剣ぱ
くに,剣ぱ
SHUNJI,剣ぱ
俊志,剣ぱ
たけ33サブ,剣ぱ
☀李信☀,剣ぱ
義孝01,剣ぱ
アルバイトz,剣ぱ
カモンスキー,剣ぱ
☆去亥☆,煽り紳士
パープル☆,煽り紳士
真田丸☆,煽り紳士
メイプル,煽り紳士
えりす,煽り紳士
李★漂,煽り紳士
†鬼〆宗†,煽り紳士
シュガー,煽り紳士
コシヨシ,煽り紳士
タロマス,煽り紳士
ジョーサブ,煽り紳士
大地の子,煽り紳士
ワ-ドラ,煽り紳士
よる★かぜ,煽り紳士
nim0su,煽り紳士
トムトム,煽り紳士
～凛～,煽り紳士
ケムケム,煽り紳士
烏合の集まり,煽り紳士
カナデ,煽り紳士
ヤムヤム,煽り紳士
海峡のジンベエ,煽り紳士
テムテム,煽り紳士
ナムナム,煽り紳士
片栗粉u1,煽り紳士
甘興覇,煽り紳士
BARI,煽り紳士
あべゆういち,煽り紳士
ジョージ,煽り紳士
さぶろー,煽り紳士
山本勘助,煽り紳士
i.,煽り紳士
浪子｜雪花,浪子
臨江仙,浪子
浪子｜文泰,浪子
天順元宝,浪子
浪子｜星雲,浪子
浪子｜薩普羅,浪子
浪子｜仙主,浪子
浪子｜はく,浪子
浪子｜無涯,浪子
浪子｜朝日,浪子
零度Niu,浪子
浪子｜貓侍,浪子
浪子｜教士,浪子
くんちゃん,浪子
HANABI,浪子
浪子｜11,浪子
アイーン,浪子
浪子｜大黄螺旋丸,浪子
HIMURO,浪子
浪子｜嚕嚕米,浪子
浪子｜影子,浪子
浪子｜六月,浪子
極悪ボンⒸ,浪子
モジャ,浪子
くまモン,浪子
極悪女帝リザ,浪子
奈凡,浪子
浪子｜剣心,浪子
浪子｜潮男,浪子
滄浪｜虎賁,浪子
浪子｜氹仔,浪子
浪子｜可倫堡,浪子
5,浪子
極悪剣心,浪子
浪子｜雪山啤酒,浪子
団長,べぽ
진격｜지우킹,べぽ
ゆなっこ,べぽ
FICTA,べぽ
村長,べぽ
クロネコさん,べぽ
NAGOYA,べぽ
朝倉,べぽ
しみ犬,べぽ
瑕丘鄭重,べぽ
ゾウどうぞ,べぽ
りょうしゅん,べぽ
ココ壱5辛,べぽ
カバオ卍,べぽ
浪子｜志村,べぽ
ヴぇぼ,べぽ
カム犬,べぽ
ほむれず,べぽ
アキ♪♪,べぽ
魏無羨,べぽ
DOCTOR,べぽ
ぞおき,べぽ
小竜,べぽ
イニミニ,べぽ
団長団,べぽ
さすらい♪,べぽ
盟主の犬隊長,べぽ
鷹布,べぽ
河西虎su,べぽ
天陽。,べぽ
シベリウス,べぽ
かばごん,べぽ
さしみ,べぽ
風船蔓,べぽ
武劉祐徳,べぽ
名犬チーズ,べぽ
ボラギノール,べぽ
浪子｜大猩猩,べぽ
演員,べぽ
譙國征東軍,べぽ
行雲流水,べぽ
R-102,べぽ
犬ナオコ,べぽ
ピスタチオ,べぽ
真・虎狼,べぽ
そんそん,べぽ
朱和,べぽ
lovin.,べぽ
진격｜짓마쵸킹,べぽ
さすらい⚡,べぽ
