week_label,名前,武勲,勢力値
8/10〜,浪子｜星雲,137000,29406
8/10〜,剣権羽 kenkenpa,126000,20866
8/10〜,浪子｜雪花,117000,33921
8/10〜,トラ0713,115000,25874
8/10〜,浪子｜仙主,108000,32048
8/10〜,浪子｜文泰,92323,27713
8/10〜,主公5082,75839,21198
8/10〜,超人血盟軍,74068,21850
8/10〜,天順元宝,64709,28493
8/10〜,☆去亥☆,55532,26097
8/10〜,ゾウどうぞ,50811,15958
8/10〜,浪子｜薩普羅,48121,27837
8/10〜,盛三軍団,47318,25283
8/10〜,ゆなっこ,47197,18138
8/10〜,しみ犬,46654,20114
8/10〜,NAGOYA,45734,18787
8/10〜,ハッチ88,44485,15806
8/10〜,浪子｜六月,41529,25829
8/10〜,†鬼〆宗†,41139,17566
8/10〜,極悪の仏,40282,17288
8/10〜,はま爺,40192,19915
8/10〜,臨江仙,39790,26328
8/10〜,やま,36976,20251
8/10〜,じゅんじ,36920,25855
8/10〜,ボロ雑巾,36497,15109
8/10〜,浪子｜はく,33828,25947
8/10〜,虎の太公望,32427,15216
8/10〜,反社エネわん,32217,15433
8/10〜,浪子｜嚕嚕米,31657,15690
8/10〜,FICTA,30629,30916
8/10〜,団長,29706,23929
8/10〜,瑕丘鄭重,29488,18030
8/10〜,RB20,29440,14954
8/10〜,村長,29372,25276
8/10〜,ベニマル,28228,16662
8/10〜,ジョーサブ,27907,17578
8/10〜,猫ロック,27134,25070
8/10〜,片栗粉u1,26562,13729
8/10〜,MOTO,26311,19478
8/10〜,さしみ,26241,13512
8/10〜,seiji,25872,16623
8/10〜,あべゆういち,25365,13614
8/10〜,極悪女帝リザ,25288,25122
8/10〜,浪子｜教士,25285,27261
8/10〜,タロマス,24770,15517
8/10〜,くに,23915,14153
8/10〜,草津温泉,23561,17270
8/10〜,クロネコさん,23404,19979
8/10〜,えりす,22751,15852
8/10〜,パープル☆,21837,17899
8/10〜,佐々鬼,20981,13947
8/10〜,うみがめ座@,20948,13752
8/10〜,桃梨,20425,13703
8/10〜,イニミニ,20241,16497
8/10〜,だしい,20128,21564
8/10〜,烏合の集まり,19999,12901
8/10〜,外様,19538,11576
8/10〜,真田丸☆,19166,17097
8/10〜,ヴぇぼ,19118,16104
8/10〜,BARI,18730,13848
8/10〜,カム犬,18640,24364
8/10〜,ごこっと,18130,21165
8/10〜,浪子｜大猩猩,17930,21128
8/10〜,つっg,17585,21364
8/10〜,王騎大将軍✦,17398,17020
8/10〜,ゆう,16772,14607
8/10〜,浪子｜無涯,16487,20478
8/10〜,Ruu,16151,14069
8/10〜,ロドリゲス,16012,15513
8/10〜,ラック。,15866,20105
8/10〜,よる★かぜ,15714,11589
8/10〜,han,15611,16161
8/10〜,アイーン,15536,21417
8/10〜,カバオ卍,15229,15915
8/10〜,小竜,15022,16298
8/10〜,まりもX,14711,14017
8/10〜,浪子｜11,14379,15877
8/10〜,りょうしゅん,14229,14799
8/10〜,ジョージ,13749,10184
8/10〜,極悪ボンⒸ,13399,20057
8/10〜,ぞおき,13331,9387
8/10〜,ワンパンダ,13320,8854
8/10〜,大地の子,13045,12868
8/10〜,にゃんこ軍,12633,13220
8/10〜,魏無羨,12612,25875
8/10〜,浪子｜影子,12116,14992
8/10〜,行雲流水,11635,19960
8/10〜,浪子｜大黄螺旋丸,11465,25575
8/10〜,敦犬,11457,11698
8/10〜,さぶろー,10988,13769
8/10〜,メイプル,10898,18853
8/10〜,シュガー,10730,17436
8/10〜,コシヨシ,10539,17089
8/10〜,⚡SOU⚡,10278,14222
8/10〜,ワ-ドラ,9818,13630
8/10〜,HANABI,9632,16871
8/10〜,LEE,9287,19380
8/10〜,八宝菜,9278,10774
8/10〜,nim0su,9054,12949
8/10〜,モジャ,8689,18565
8/10〜,lovin.,8448,13905
8/10〜,ナムナム,8320,11052
8/10〜,マサイ,8278,11321
8/10〜,パパパ,8274,10595
8/10〜,アゲハたん★,7886,12618
8/10〜,便利屋,7843,9034
8/10〜,義孝01,7118,14152
8/10〜,浪子｜志村,7099,22683
8/10〜,荊州軍,7045,16432
8/10〜,たけとも33,6932,12855
8/10〜,ほむれず,6920,19558
8/10〜,くまモン,6560,16463
8/10〜,～凛～,6518,13275
8/10〜,浪子｜氹仔,6415,20340
8/10〜,HIMURO,5726,16163
8/10〜,くんちゃん,5570,21622
8/10〜,パンダマン,5049,6202
8/10〜,かばごん,4771,12557
8/10〜,カナデ,4702,9769
8/10〜,MARSAN,4674,12287
8/10〜,浪子｜貓侍,4657,19426
8/10〜,まるぞう,4434,16139
8/10〜,ボラギノール,4341,9522
8/10〜,さら猫,4233,20790
8/10〜,☀李信☀,4143,10607
8/10〜,ココ壱5辛,3657,14625
8/10〜,SHUNJI,3650,11098
8/10〜,李★漂,3622,16055
8/10〜,ヤムヤム,3510,10621
8/10〜,まーさんZ,3480,11642
8/10〜,そんそん,3423,14150
8/10〜,たけ33サブ,3403,12295
8/10〜,i.,3264,12999
8/10〜,トムトム,3156,12382
8/10〜,潯陽曹仁,2945,19351
8/10〜,甘興覇,2523,12659
8/10〜,ギリヤーク人,2365,15649
8/10〜,劉邦軍,2269,14865
8/10〜,餅,2224,20965
8/10〜,演員,2210,11905
8/10〜,空kou,2138,22817
8/10〜,仁義なきTUBE,2053,20400
8/10〜,ロストフ家,1970,17631
8/10〜,さすらい♪,1933,13355
8/10〜,盟主の犬隊長,1869,13474
8/10〜,廉,1537,11715
8/10〜,すじまーん,1495,11313
8/10〜,陽龍,1494,14229
8/10〜,浪子｜潮男,1310,10381
8/10〜,張良子房,1260,10847
8/10〜,俊志,1156,11305
8/10〜,成龍.,1155,11571
8/10〜,✖李信,1124,12301
8/10〜,シベリウス,1091,15335
8/10〜,奈凡,958,12348
8/10〜,漆喰(白),911,10531
8/10〜,テムテム,865,11076
8/10〜,ケムケム,839,12688
8/10〜,海峡のジンベエ,813,15350
8/10〜,風魔,748,9755
8/10〜,河西虎su,731,11175
8/10〜,さすらい⚡,725,5176
8/10〜,浪子｜可倫堡,723,25336
8/10〜,滄浪｜虎賁,582,23946
8/10〜,R-102,545,14632
8/10〜,天陽。,486,13046
8/10〜,鷹布,477,13007
8/10〜,成龍,423,9585
8/10〜,飛五隊,287,11566
8/10〜,浪子｜雪山啤酒,233,20122
8/10〜,真・虎狼,210,9889
8/10〜,宇留千絵,187,14218
8/10〜,零度Niu,136,24178
8/10〜,カモンスキー,117,10763
8/10〜,犬ナオコ,95,12652
8/10〜,浪子｜朝日,88,26394
8/10〜,山本勘助,47,7391
8/10〜,拉麺,9,13361
8/10〜,漆喰(船),8,10333
8/10〜,極悪剣心,0,9432
8/10〜,DOCTOR,0,17215
8/10〜,アキ♪♪,0,15928
8/10〜,浪子｜剣心,0,14922
8/10〜,アルバイトz,0,11405
8/10〜,ピスタチオ,0,11689
8/10〜,武劉祐徳,0,15750
8/10〜,猫の太公望,0,12629
8/10〜,にゃんこ戦争,0,11398
8/10〜,朝倉,0,15395
8/10〜,MOTI,0,13038
8/10〜,団長団,0,10842
8/10〜,名犬チーズ,0,10227
8/10〜,風船蔓,0,11109
8/10〜,元楽園jun,0,5636
8/10〜,からあげクン,0,6786
8/10〜,桂馬,0,5289
8/10〜,浪子｜工具人,0,341
8/17〜,浪子｜雪花,612000,41926
8/17〜,剣権羽 kenkenpa,580000,25843
8/17〜,浪子｜星雲,547000,29567
8/17〜,トラ0713,454000,27869
8/17〜,浪子｜文泰,412000,33210
8/17〜,浪子｜仙主,389000,37025
8/17〜,天順元宝,364000,32206
8/17〜,臨江仙,360000,30401
8/17〜,浪子｜薩普羅,329000,28385
8/17〜,主公5082,312000,26744
8/17〜,村長,310000,30264
8/17〜,ゆなっこ,310000,27399
8/17〜,超人血盟軍,309000,26745
8/17〜,☆去亥☆,301000,31490
8/17〜,FICTA,299000,35469
8/17〜,NAGOYA,293000,27833
8/17〜,じゅんじ,281000,25282
8/17〜,しみ犬,273000,28324
8/17〜,浪子｜はく,271000,26426
8/17〜,seiji,268000,26074
8/17〜,盛三軍団,253000,27136
8/17〜,団長,248000,27894
8/17〜,LEE,231000,26990
8/17〜,ゾウどうぞ,225000,22715
8/17〜,瑕丘鄭重,216000,24538
8/17〜,浪子｜嚕嚕米,213000,18667
8/17〜,極悪の仏,207000,19747
8/17〜,やま,203000,28706
8/17〜,りょうしゅん,202000,20243
8/17〜,†鬼〆宗†,193000,21275
8/17〜,えりす,189000,22772
8/17〜,浪子｜貓侍,185000,24356
8/17〜,真田丸☆,185000,25616
8/17〜,カム犬,185000,25060
8/17〜,まりもX,183000,18297
8/17〜,だしい,183000,24435
8/17〜,ロドリゲス,183000,26004
8/17〜,ヴぇぼ,179000,20504
8/17〜,浪子｜朝日,176000,29734
8/17〜,浪子｜志村,165000,26334
8/17〜,パープル☆,164000,26325
8/17〜,浪子｜教士,162000,33347
8/17〜,クロネコさん,161000,23965
8/17〜,アイーン,160000,29786
8/17〜,ジョーサブ,160000,20066
8/17〜,烏合の集まり,157000,18064
8/17〜,つっg,156000,22275
8/17〜,さら猫,154000,25076
8/17〜,拉麺,154000,18609
8/17〜,ごこっと,154000,28144
8/17〜,浪子｜大黄螺旋丸,151000,26143
8/17〜,モジャ,151000,26759
8/17〜,反社エネわん,149000,20466
8/17〜,零度Niu,149000,25838
8/17〜,はま爺,148000,26812
8/17〜,桃梨,148000,18429
8/17〜,イニミニ,146000,22648
8/17〜,極悪女帝リザ,143000,26817
8/17〜,李★漂,142000,27512
8/17〜,荊州軍,141000,25809
8/17〜,浪子｜11,139000,23854
8/17〜,MOTO,137000,23885
8/17〜,タロマス,135000,22594
8/17〜,ほむれず,134000,22387
8/17〜,さしみ,134000,15175
8/17〜,極悪ボンⒸ,133000,25528
8/17〜,HANABI,128000,27907
8/17〜,ハッチ88,128000,20965
8/17〜,王騎大将軍✦,126000,25016
8/17〜,カバオ卍,125000,21669
8/17〜,Ruu,125000,17863
8/17〜,HIMURO,124000,17263
8/17〜,シュガー,123000,23808
8/17〜,大地の子,122000,25697
8/17〜,ラック。,119000,21159
8/17〜,ココ壱5辛,119000,23438
8/17〜,ボロ雑巾,118000,21850
8/17〜,メイプル,116000,25706
8/17〜,朝倉,112000,21251
8/17〜,海峡のジンベエ,112000,19495
8/17〜,あべゆういち,111000,22431
8/17〜,草津温泉,111000,20148
8/17〜,行雲流水,111000,25436
8/17〜,マサイ,110000,19111
8/17〜,片栗粉u1,108000,23664
8/17〜,潯陽曹仁,105000,28452
8/17〜,虎の太公望,105000,14717
8/17〜,猫ロック,105000,28770
8/17〜,ゆう,105000,22495
8/17〜,うみがめ座@,103000,19505
8/17〜,空kou,103000,24179
8/17〜,浪子｜影子,102000,22305
8/17〜,餅,101000,22592
8/17〜,～凛～,101000,19321
8/17〜,コシヨシ,100000,26590
8/17〜,くんちゃん,99854,28231
8/17〜,アゲハたん★,99611,15588
8/17〜,カナデ,98449,13019
8/17〜,浪子｜無涯,96229,26225
8/17〜,ベニマル,96099,20386
8/17〜,⚡SOU⚡,95284,20215
8/17〜,ぞおき,95045,14021
8/17〜,くまモン,94991,17230
8/17〜,佐々鬼,94212,23830
8/17〜,滄浪｜虎賁,93079,25431
8/17〜,アキ♪♪,88896,18252
8/17〜,MOTI,87879,15225
8/17〜,くに,86892,20365
8/17〜,トムトム,85212,17921
8/17〜,ギリヤーク人,84386,24887
8/17〜,ナムナム,82316,19053
8/17〜,✖李信,81105,15297
8/17〜,浪子｜大猩猩,77999,25992
8/17〜,まるぞう,77817,26231
8/17〜,鷹布,76898,16810
8/17〜,小竜,76826,25163
8/17〜,成龍.,74778,13732
8/17〜,仁義なきTUBE,74022,22753
8/17〜,ケムケム,72326,18412
8/17〜,外様,70876,19812
8/17〜,ワ-ドラ,70562,20858
8/17〜,よる★かぜ,69981,13451
8/17〜,ロストフ家,69016,25231
8/17〜,BARI,68407,24630
8/17〜,浪子｜氹仔,67500,26017
8/17〜,ボラギノール,65871,11354
8/17〜,RB20,65606,16389
8/17〜,浪子｜可倫堡,64983,26770
8/17〜,成龍,63466,11405
8/17〜,nim0su,63252,16371
8/17〜,劉邦軍,62879,21010
8/17〜,たけとも33,59444,15718
8/17〜,さぶろー,59270,16245
8/17〜,甘興覇,58831,16239
8/17〜,ヤムヤム,58282,18700
8/17〜,河西虎su,57646,13575
8/17〜,魏無羨,55719,24617
8/17〜,浪子｜潮男,55448,17660
8/17〜,漆喰(白),54316,13726
8/17〜,浪子｜雪山啤酒,54122,22768
8/17〜,盟主の犬隊長,53491,17780
8/17〜,浪子｜剣心,52998,24689
8/17〜,han,51988,23688
8/17〜,SHUNJI,51915,17143
8/17〜,からあげクン,51880,10110
8/17〜,ジョージ,51328,13857
8/17〜,陽龍,50874,24132
8/17〜,テムテム,47394,16458
8/17〜,八宝菜,47100,12868
8/17〜,R-102,47094,19037
8/17〜,にゃんこ軍,46308,17806
8/17〜,便利屋,45292,14293
8/17〜,宇留千絵,44764,18470
8/17〜,lovin.,44693,19287
8/17〜,すじまーん,44026,13463
8/17〜,山本勘助,39877,15756
8/17〜,そんそん,39820,15642
8/17〜,猫の太公望,39524,22084
8/17〜,i.,38765,17057
8/17〜,ワンパンダ,36787,14252
8/17〜,敦犬,36344,15786
8/17〜,MARSAN,35977,20919
8/17〜,☀李信☀,34969,18432
8/17〜,天陽。,34811,14467
8/17〜,風魔,34257,12005
8/17〜,飛五隊,34255,15306
8/17〜,奈凡,33968,19798
8/17〜,アルバイトz,33854,15591
8/17〜,かばごん,29737,14315
8/17〜,たけ33サブ,28910,18818
8/17〜,漆喰(船),28728,13096
8/17〜,名犬チーズ,25320,14088
8/17〜,義孝01,25009,15386
8/17〜,極悪剣心,24502,10604
8/17〜,ピスタチオ,23790,12590
8/17〜,犬ナオコ,23681,14805
8/17〜,パンダマン,23003,14160
8/17〜,俊志,22108,18575
8/17〜,DOCTOR,21959,18882
8/17〜,譙國征東軍,21278,26235
8/17〜,風船蔓,20970,18462
8/17〜,シベリウス,20437,22431
8/17〜,にゃんこ戦争,20153,12759
8/17〜,パパパ,19642,15847
8/17〜,さすらい♪,19591,25388
8/17〜,カモンスキー,17730,16414
8/17〜,団長団,17669,21021
8/17〜,演員,16514,17496
8/17〜,武劉祐徳,14329,20228
8/17〜,廉,12385,16778
8/17〜,まーさんZ,12291,15220
8/17〜,元楽園jun,9948,9521
8/17〜,朱和,8448,14594
8/17〜,桂馬,6720,7192
8/17〜,張良子房,6228,15668
8/17〜,真・虎狼,6098,12775
8/17〜,さすらい⚡,857,6600
8/17〜,5,0,12928
8/24〜,浪子｜雪花,1310000,52504
8/24〜,臨江仙,1150000,36487
8/24〜,seiji,1130000,30051
8/24〜,剣権羽 kenkenpa,859000,31677
8/24〜,浪子｜星雲,829000,33585
8/24〜,浪子｜仙主,771000,41760
8/24〜,天順元宝,733000,35631
8/24〜,団長,699000,38342
8/24〜,浪子｜文泰,679000,40336
8/24〜,じゅんじ,634000,26309
8/24〜,FICTA,629000,38638
8/24〜,浪子｜薩普羅,564000,30022
8/24〜,浪子｜はく,557000,33480
8/24〜,盛三軍団,552000,29655
8/24〜,主公5082,536000,32190
8/24〜,ラック。,500000,27549
8/24〜,ゆなっこ,479000,31941
8/24〜,村長,474000,36760
8/24〜,だしい,434000,33952
8/24〜,零度Niu,431000,28224
8/24〜,トラ0713,430000,30907
8/24〜,NAGOYA,422000,30233
8/24〜,ゾウどうぞ,419000,25511
8/24〜,☆去亥☆,404000,36400
8/24〜,ココ壱5辛,399000,30037
8/24〜,浪子｜朝日,396000,34200
8/24〜,クロネコさん,391000,25083
8/24〜,しみ犬,385000,28935
8/24〜,拉麺,369000,22856
8/24〜,さら猫,363000,27632
8/24〜,真田丸☆,357000,25886
8/24〜,まりもX,354000,27962
8/24〜,王騎大将軍✦,352000,27868
8/24〜,カム犬,350000,29651
8/24〜,浪子｜志村,348000,32596
8/24〜,浪子｜教士,345000,40504
8/24〜,ゆう,342000,31472
8/24〜,アイーン,340000,34701
8/24〜,パープル☆,325000,27653
8/24〜,荊州軍,323000,31371
8/24〜,浪子｜無涯,320000,28032
8/24〜,猫ロック,317000,32643
8/24〜,瑕丘鄭重,314000,29613
8/24〜,浪子｜11,311000,25398
8/24〜,LEE,311000,31150
8/24〜,超人血盟軍,306000,30163
8/24〜,浪子｜大黄螺旋丸,303000,29858
8/24〜,HANABI,301000,30198
8/24〜,朝倉,293000,26135
8/24〜,MOTO,292000,28549
8/24〜,くんちゃん,288000,28599
8/24〜,ごこっと,280000,29908
8/24〜,浪子｜嚕嚕米,277000,20258
8/24〜,ロドリゲス,275000,31100
8/24〜,えりす,271000,29416
8/24〜,カバオ卍,271000,27209
8/24〜,浪子｜貓侍,271000,30786
8/24〜,やま,269000,34215
8/24〜,大地の子,267000,26527
8/24〜,ヴぇぼ,266000,25766
8/24〜,りょうしゅん,265000,24564
8/24〜,コシヨシ,261000,30722
8/24〜,浪子｜影子,258000,26637
8/24〜,李★漂,258000,29853
8/24〜,海峡のジンベエ,254000,24366
8/24〜,佐々鬼,252000,27045
8/24〜,はま爺,252000,29253
8/24〜,メイプル,250000,27109
8/24〜,マサイ,243000,24686
8/24〜,反社エネわん,242000,23460
8/24〜,シュガー,241000,29397
8/24〜,潯陽曹仁,236000,30550
8/24〜,ハッチ88,235000,26625
8/24〜,極悪の仏,233000,21917
8/24〜,アキ♪♪,233000,24764
8/24〜,ほむれず,230000,23854
8/24〜,つっg,228000,23043
8/24〜,イニミニ,227000,22870
8/24〜,浪子｜六月,226000,36152
8/24〜,モジャ,224000,29627
8/24〜,†鬼〆宗†,223000,21795
8/24〜,タロマス,220000,26046
8/24〜,ボロ雑巾,220000,24014
8/24〜,たけとも33,219000,18657
8/24〜,極悪ボンⒸ,217000,26676
8/24〜,からあげクン,216000,11554
8/24〜,✖李信,216000,25712
8/24〜,桃梨,213000,23145
8/24〜,空kou,209000,25139
8/24〜,虎の太公望,205000,17209
8/24〜,ぞおき,204000,18268
8/24〜,トムトム,201000,25906
8/24〜,ジョーサブ,199000,26989
8/24〜,まるぞう,197000,31854
8/24〜,～凛～,195000,28681
8/24〜,han,192000,26448
8/24〜,ベニマル,187000,28208
8/24〜,浪子｜潮男,184000,19393
8/24〜,片栗粉u1,184000,27536
8/24〜,うみがめ座@,183000,25068
8/24〜,MARSAN,183000,26950
8/24〜,烏合の集まり,182000,25076
8/24〜,HIMURO,181000,28851
8/24〜,小竜,180000,27070
8/24〜,Ruu,180000,21098
8/24〜,仁義なきTUBE,180000,23717
8/24〜,極悪女帝リザ,179000,29962
8/24〜,草津温泉,174000,28887
8/24〜,nim0su,173000,22507
8/24〜,外様,171000,30990
8/24〜,浪子｜剣心,169000,28498
8/24〜,ワ-ドラ,169000,25763
8/24〜,RB20,169000,28104
8/24〜,あべゆういち,165000,28394
8/24〜,ナムナム,164000,25752
8/24〜,カナデ,163000,18523
8/24〜,パンダマン,163000,14442
8/24〜,よる★かぜ,163000,15649
8/24〜,ヤムヤム,162000,25415
8/24〜,くに,162000,26238
8/24〜,DOCTOR,161000,21324
8/24〜,滄浪｜虎賁,160000,25836
8/24〜,浪子｜大猩猩,159000,27662
8/24〜,MOTI,155000,15414
8/24〜,くまモン,155000,29598
8/24〜,アゲハたん★,153000,19046
8/24〜,餅,151000,25633
8/24〜,にゃんこ軍,144000,21249
8/24〜,ギリヤーク人,142000,30591
8/24〜,鷹布,142000,23075
8/24〜,ロストフ家,136000,30951
8/24〜,ワンパンダ,135000,14187
8/24〜,浪子｜氹仔,135000,26254
8/24〜,さすらい♪,134000,28435
8/24〜,すじまーん,131000,16887
8/24〜,敦犬,130000,20450
8/24〜,さしみ,126000,14650
8/24〜,成龍,125000,15825
8/24〜,劉邦軍,125000,28331
8/24〜,成龍.,125000,17419
8/24〜,ケムケム,122000,24859
8/24〜,浪子｜可倫堡,121000,30102
8/24〜,行雲流水,119000,25058
8/24〜,⚡SOU⚡,118000,25220
8/24〜,BARI,117000,28223
8/24〜,山本勘助,116000,24870
8/24〜,奈凡,116000,22619
8/24〜,テムテム,115000,25206
8/24〜,陽龍,113000,26112
8/24〜,シベリウス,111000,31166
8/24〜,河西虎su,110000,16778
8/24〜,パパパ,109000,24079
8/24〜,盟主の犬隊長,105000,20230
8/24〜,団長団,104000,22976
8/24〜,譙國征東軍,101000,27081
8/24〜,極悪剣心,99390,11271
8/24〜,甘興覇,98992,18250
8/24〜,魏無羨,96695,29724
8/24〜,犬ナオコ,94957,16724
8/24〜,ボラギノール,93726,20161
8/24〜,便利屋,87893,22742
8/24〜,SHUNJI,87048,19748
8/24〜,天陽。,86566,21199
8/24〜,漆喰(白),86360,16371
8/24〜,宇留千絵,84155,18816
8/24〜,i.,80042,22133
8/24〜,名犬チーズ,78067,20540
8/24〜,☀李信☀,77798,20971
8/24〜,浪子｜雪山啤酒,77786,24653
8/24〜,まーさんZ,76936,17980
8/24〜,八宝菜,76684,13744
8/24〜,俊志,76447,22494
8/24〜,ピスタチオ,74664,11703
8/24〜,さぶろー,73802,19219
8/24〜,ジョージ,73264,18111
8/24〜,たけ33サブ,69963,19917
8/24〜,元楽園jun,69089,9813
8/24〜,かばごん,68443,19915
8/24〜,5,68434,18213
8/24〜,飛五隊,66741,20459
8/24〜,R-102,65129,23031
8/24〜,風船蔓,63130,20592
8/24〜,風魔,60567,16164
8/24〜,武劉祐徳,58031,27213
8/24〜,そんそん,57914,19644
8/24〜,猫の太公望,54848,23526
8/24〜,漆喰(船),51091,14717
8/24〜,lovin.,46819,19501
8/24〜,演員,45432,17670
8/24〜,真・虎狼,39687,16822
8/24〜,にゃんこ戦争,35227,12674
8/24〜,アルバイトz,32180,26294
8/24〜,カモンスキー,28982,25859
8/24〜,張良子房,27505,16906
8/24〜,廉,25203,22292
8/24〜,桂馬,22134,15473
8/24〜,義孝01,21333,17017
8/24〜,朱和,7356,17780
8/24〜,さすらい⚡,1259,7492
